Title,Price,Availability,Rating,Link,Thumbnail URL
A Light in the Attic,£51.77,In stock,3,https://books.toscrape.com/catalogue/a-light-in-the-attic_1000/index.html,https://books.toscrape.com/../media/cache/2c/da/2cdad67c44b002e7ead0cc35693c0e8b.jpg
Tipping the Velvet,£53.74,In stock,1,https://books.toscrape.com/catalogue/tipping-the-velvet_999/index.html,https://books.toscrape.com/../media/cache/26/0c/260c6ae16bce31c8f8c95daddd9f4a1c.jpg
Soumission,£50.10,In stock,1,https://books.toscrape.com/catalogue/soumission_998/index.html,https://books.toscrape.com/../media/cache/3e/ef/3eef99c9d9adef34639f510662022830.jpg
Sharp Objects,£47.82,In stock,4,https://books.toscrape.com/catalogue/sharp-objects_997/index.html,https://books.toscrape.com/../media/cache/32/51/3251cf3a3412f53f339e42cac2134093.jpg
Sapiens: A Brief History of Humankind,£54.23,In stock,5,https://books.toscrape.com/catalogue/sapiens-a-brief-history-of-humankind_996/index.html,https://books.toscrape.com/../media/cache/be/a5/bea5697f2534a2f86a3ef27b5a8c12a6.jpg
The Requiem Red,£22.65,In stock,1,https://books.toscrape.com/catalogue/the-requiem-red_995/index.html,https://books.toscrape.com/../media/cache/68/33/68339b4c9bc034267e1da611ab3b34f8.jpg
The Dirty Little Secrets of Getting Your Dream Job,£33.34,In stock,4,https://books.toscrape.com/catalogue/the-dirty-little-secrets-of-getting-your-dream-job_994/index.html,https://books.toscrape.com/../media/cache/92/27/92274a95b7c251fea59a2b8a78275ab4.jpg
"The Coming Woman: A Novel Based on the Life of the Infamous Feminist, Victoria Woodhull",£17.93,In stock,3,https://books.toscrape.com/catalogue/the-coming-woman-a-novel-based-on-the-life-of-the-infamous-feminist-victoria-woodhull_993/index.html,https://books.toscrape.com/../media/cache/3d/54/3d54940e57e662c4dd1f3ff00c78cc64.jpg
The Boys in the Boat: Nine Americans and Their Epic Quest for Gold at the 1936 Berlin Olympics,£22.60,In stock,4,https://books.toscrape.com/catalogue/the-boys-in-the-boat-nine-americans-and-their-epic-quest-for-gold-at-the-1936-berlin-olympics_992/index.html,https://books.toscrape.com/../media/cache/66/88/66883b91f6804b2323c8369331cb7dd1.jpg
The Black Maria,£52.15,In stock,1,https://books.toscrape.com/catalogue/the-black-maria_991/index.html,https://books.toscrape.com/../media/cache/58/46/5846057e28022268153beff6d352b06c.jpg
"Starving Hearts (Triangular Trade Trilogy, #1)",£13.99,In stock,2,https://books.toscrape.com/catalogue/starving-hearts-triangular-trade-trilogy-1_990/index.html,https://books.toscrape.com/../media/cache/be/f4/bef44da28c98f905a3ebec0b87be8530.jpg
Shakespeare's Sonnets,£20.66,In stock,4,https://books.toscrape.com/catalogue/shakespeares-sonnets_989/index.html,https://books.toscrape.com/../media/cache/10/48/1048f63d3b5061cd2f424d20b3f9b666.jpg
Set Me Free,£17.46,In stock,5,https://books.toscrape.com/catalogue/set-me-free_988/index.html,https://books.toscrape.com/../media/cache/5b/88/5b88c52633f53cacf162c15f4f823153.jpg
Scott Pilgrim's Precious Little Life (Scott Pilgrim #1),£52.29,In stock,5,https://books.toscrape.com/catalogue/scott-pilgrims-precious-little-life-scott-pilgrim-1_987/index.html,https://books.toscrape.com/../media/cache/94/b1/94b1b8b244bce9677c2f29ccc890d4d2.jpg
Rip it Up and Start Again,£35.02,In stock,5,https://books.toscrape.com/catalogue/rip-it-up-and-start-again_986/index.html,https://books.toscrape.com/../media/cache/81/c4/81c4a973364e17d01f217e1188253d5e.jpg
"Our Band Could Be Your Life: Scenes from the American Indie Underground, 1981-1991",£57.25,In stock,3,https://books.toscrape.com/catalogue/our-band-could-be-your-life-scenes-from-the-american-indie-underground-1981-1991_985/index.html,https://books.toscrape.com/../media/cache/54/60/54607fe8945897cdcced0044103b10b6.jpg
Olio,£23.88,In stock,1,https://books.toscrape.com/catalogue/olio_984/index.html,https://books.toscrape.com/../media/cache/55/33/553310a7162dfbc2c6d19a84da0df9e1.jpg
Mesaerion: The Best Science Fiction Stories 1800-1849,£37.59,In stock,1,https://books.toscrape.com/catalogue/mesaerion-the-best-science-fiction-stories-1800-1849_983/index.html,https://books.toscrape.com/../media/cache/09/a3/09a3aef48557576e1a85ba7efea8ecb7.jpg
Libertarianism for Beginners,£51.33,In stock,2,https://books.toscrape.com/catalogue/libertarianism-for-beginners_982/index.html,https://books.toscrape.com/../media/cache/0b/bc/0bbcd0a6f4bcd81ccb1049a52736406e.jpg
It's Only the Himalayas,£45.17,In stock,2,https://books.toscrape.com/catalogue/its-only-the-himalayas_981/index.html,https://books.toscrape.com/../media/cache/27/a5/27a53d0bb95bdd88288eaf66c9230d7e.jpg
In Her Wake,£12.84,In stock,1,https://books.toscrape.com/catalogue/in-her-wake_980/index.html,https://books.toscrape.com/../media/cache/5d/72/5d72709c6a7a9584a4d1cf07648bfce1.jpg
How Music Works,£37.32,In stock,2,https://books.toscrape.com/catalogue/how-music-works_979/index.html,https://books.toscrape.com/../media/cache/5c/c8/5cc8e107246cb478960d4f0aba1e1c8e.jpg
"Foolproof Preserving: A Guide to Small Batch Jams, Jellies, Pickles, Condiments, and More: A Foolproof Guide to Making Small Batch Jams, Jellies, Pickles, Condiments, and More",£30.52,In stock,3,https://books.toscrape.com/catalogue/foolproof-preserving-a-guide-to-small-batch-jams-jellies-pickles-condiments-and-more-a-foolproof-guide-to-making-small-batch-jams-jellies-pickles-condiments-and-more_978/index.html,https://books.toscrape.com/../media/cache/9f/59/9f59f01fa916a7bb8f0b28a4012179a4.jpg
Chase Me (Paris Nights #2),£25.27,In stock,5,https://books.toscrape.com/catalogue/chase-me-paris-nights-2_977/index.html,https://books.toscrape.com/../media/cache/9c/2e/9c2e0eb8866b8e3f3b768994fd3d1c1a.jpg
Black Dust,£34.53,In stock,5,https://books.toscrape.com/catalogue/black-dust_976/index.html,https://books.toscrape.com/../media/cache/44/cc/44ccc99c8f82c33d4f9d2afa4ef25787.jpg
Birdsong: A Story in Pictures,£54.64,In stock,3,https://books.toscrape.com/catalogue/birdsong-a-story-in-pictures_975/index.html,https://books.toscrape.com/../media/cache/af/6e/af6e796160fe63e0cf19d44395c7ddf2.jpg
America's Cradle of Quarterbacks: Western Pennsylvania's Football Factory from Johnny Unitas to Joe Montana,£22.50,In stock,3,https://books.toscrape.com/catalogue/americas-cradle-of-quarterbacks-western-pennsylvanias-football-factory-from-johnny-unitas-to-joe-montana_974/index.html,https://books.toscrape.com/../media/cache/ef/0b/ef0bed08de4e083dba5e20fdb98d9c36.jpg
Aladdin and His Wonderful Lamp,£53.13,In stock,3,https://books.toscrape.com/catalogue/aladdin-and-his-wonderful-lamp_973/index.html,https://books.toscrape.com/../media/cache/d6/da/d6da0371958068bbaf39ea9c174275cd.jpg
Worlds Elsewhere: Journeys Around Shakespeare’s Globe,£40.30,In stock,5,https://books.toscrape.com/catalogue/worlds-elsewhere-journeys-around-shakespeares-globe_972/index.html,https://books.toscrape.com/../media/cache/2e/98/2e98c332bf8563b584784971541c4445.jpg
Wall and Piece,£44.18,In stock,4,https://books.toscrape.com/catalogue/wall-and-piece_971/index.html,https://books.toscrape.com/../media/cache/a5/41/a5416b9646aaa7287baa287ec2590270.jpg
The Four Agreements: A Practical Guide to Personal Freedom,£17.66,In stock,5,https://books.toscrape.com/catalogue/the-four-agreements-a-practical-guide-to-personal-freedom_970/index.html,https://books.toscrape.com/../media/cache/0f/7e/0f7ee69495c0df1d35723f012624a9f8.jpg
The Five Love Languages: How to Express Heartfelt Commitment to Your Mate,£31.05,In stock,3,https://books.toscrape.com/catalogue/the-five-love-languages-how-to-express-heartfelt-commitment-to-your-mate_969/index.html,https://books.toscrape.com/../media/cache/38/c5/38c56fba316c07305643a8065269594e.jpg
The Elephant Tree,£23.82,In stock,5,https://books.toscrape.com/catalogue/the-elephant-tree_968/index.html,https://books.toscrape.com/../media/cache/5d/7e/5d7ecde8e81513eba8a64c9fe000744b.jpg
The Bear and the Piano,£36.89,In stock,1,https://books.toscrape.com/catalogue/the-bear-and-the-piano_967/index.html,https://books.toscrape.com/../media/cache/cf/bb/cfbb5e62715c6d888fd07794c9bab5d6.jpg
Sophie's World,£15.94,In stock,5,https://books.toscrape.com/catalogue/sophies-world_966/index.html,https://books.toscrape.com/../media/cache/65/71/6571919836ec51ed54f0050c31d8a0cd.jpg
Penny Maybe,£33.29,In stock,3,https://books.toscrape.com/catalogue/penny-maybe_965/index.html,https://books.toscrape.com/../media/cache/12/53/1253c21c5ef3c6d075c5fa3f5fecee6a.jpg
Maude (1883-1993):She Grew Up with the country,£18.02,In stock,2,https://books.toscrape.com/catalogue/maude-1883-1993she-grew-up-with-the-country_964/index.html,https://books.toscrape.com/../media/cache/f5/88/f5889d038f5d8e949b494d147c2dcf54.jpg
"In a Dark, Dark Wood",£19.63,In stock,1,https://books.toscrape.com/catalogue/in-a-dark-dark-wood_963/index.html,https://books.toscrape.com/../media/cache/23/85/238570a1c284e730dbc737a7e631ae2b.jpg
Behind Closed Doors,£52.22,In stock,4,https://books.toscrape.com/catalogue/behind-closed-doors_962/index.html,https://books.toscrape.com/../media/cache/e1/5c/e15c289ba58cea38519e1281e859f0c1.jpg
You can't bury them all: Poems,£33.63,In stock,2,https://books.toscrape.com/catalogue/you-cant-bury-them-all-poems_961/index.html,https://books.toscrape.com/../media/cache/e9/20/e9203b733126c4a0832a1c7885dc27cf.jpg
Slow States of Collapse: Poems,£57.31,In stock,3,https://books.toscrape.com/catalogue/slow-states-of-collapse-poems_960/index.html,https://books.toscrape.com/../media/cache/72/41/72417db983862010ef0c1a25de98c7d7.jpg
Reasons to Stay Alive,£26.41,In stock,2,https://books.toscrape.com/catalogue/reasons-to-stay-alive_959/index.html,https://books.toscrape.com/../media/cache/cb/bd/cbbdb0222ee8a0f6ab61657412a15794.jpg
Private Paris (Private #10),£47.61,In stock,5,https://books.toscrape.com/catalogue/private-paris-private-10_958/index.html,https://books.toscrape.com/../media/cache/9d/05/9d0533bae1578846d728a82913b95c26.jpg
#HigherSelfie: Wake Up Your Life. Free Your Soul. Find Your Tribe.,£23.11,In stock,5,https://books.toscrape.com/catalogue/higherselfie-wake-up-your-life-free-your-soul-find-your-tribe_957/index.html,https://books.toscrape.com/../media/cache/9c/46/9c463c7631c82401160fd3b554b8f0e1.jpg
Without Borders (Wanderlove #1),£45.07,In stock,2,https://books.toscrape.com/catalogue/without-borders-wanderlove-1_956/index.html,https://books.toscrape.com/../media/cache/24/e2/24e2f5c9d325c4004d8190c054da86dd.jpg
When We Collided,£31.77,In stock,1,https://books.toscrape.com/catalogue/when-we-collided_955/index.html,https://books.toscrape.com/../media/cache/08/04/08044269fc197645268a6197c57e6173.jpg
"We Love You, Charlie Freeman",£50.27,In stock,5,https://books.toscrape.com/catalogue/we-love-you-charlie-freeman_954/index.html,https://books.toscrape.com/../media/cache/5f/15/5f152afdbc42356ecba02f61058a7e5b.jpg
Untitled Collection: Sabbath Poems 2014,£14.27,In stock,4,https://books.toscrape.com/catalogue/untitled-collection-sabbath-poems-2014_953/index.html,https://books.toscrape.com/../media/cache/f9/3b/f93b4a650f03a5d21f2436d7813f42c2.jpg
"Unseen City: The Majesty of Pigeons, the Discreet Charm of Snails & Other Wonders of the Urban Wilderness",£44.18,In stock,4,https://books.toscrape.com/catalogue/unseen-city-the-majesty-of-pigeons-the-discreet-charm-of-snails-other-wonders-of-the-urban-wilderness_952/index.html,https://books.toscrape.com/../media/cache/41/a2/41a20f35adf0caea24f208dc01ad7681.jpg
Unicorn Tracks,£18.78,In stock,3,https://books.toscrape.com/catalogue/unicorn-tracks_951/index.html,https://books.toscrape.com/../media/cache/76/8e/768ea5924ac1ef6297c2be9959c796c2.jpg
"Unbound: How Eight Technologies Made Us Human, Transformed Society, and Brought Our World to the Brink",£25.52,In stock,1,https://books.toscrape.com/catalogue/unbound-how-eight-technologies-made-us-human-transformed-society-and-brought-our-world-to-the-brink_950/index.html,https://books.toscrape.com/../media/cache/4a/3b/4a3b055f9e378a95fedbef55e7bab7ce.jpg
Tsubasa: WoRLD CHRoNiCLE 2 (Tsubasa WoRLD CHRoNiCLE #2),£16.28,In stock,1,https://books.toscrape.com/catalogue/tsubasa-world-chronicle-2-tsubasa-world-chronicle-2_949/index.html,https://books.toscrape.com/../media/cache/36/df/36df4caaf1420b1183a8235355d39e69.jpg
Throwing Rocks at the Google Bus: How Growth Became the Enemy of Prosperity,£31.12,In stock,3,https://books.toscrape.com/catalogue/throwing-rocks-at-the-google-bus-how-growth-became-the-enemy-of-prosperity_948/index.html,https://books.toscrape.com/../media/cache/03/86/038650c9e7517b4baf2a423cd8eed38f.jpg
This One Summer,£19.49,In stock,4,https://books.toscrape.com/catalogue/this-one-summer_947/index.html,https://books.toscrape.com/../media/cache/c4/dd/c4ddd9ced89966b0602ec85e00cd5b61.jpg
Thirst,£17.27,In stock,5,https://books.toscrape.com/catalogue/thirst_946/index.html,https://books.toscrape.com/../media/cache/c4/0a/c40a64f59e7487b1a80a049f6ceb2ba5.jpg
The Torch Is Passed: A Harding Family Story,£19.09,In stock,1,https://books.toscrape.com/catalogue/the-torch-is-passed-a-harding-family-story_945/index.html,https://books.toscrape.com/../media/cache/33/e5/33e507172541628acfd421503196b578.jpg
The Secret of Dreadwillow Carse,£56.13,In stock,1,https://books.toscrape.com/catalogue/the-secret-of-dreadwillow-carse_944/index.html,https://books.toscrape.com/../media/cache/c4/a2/c4a2a1a026c67bcceb5a411c724d7d0c.jpg
"The Pioneer Woman Cooks: Dinnertime: Comfort Classics, Freezer Food, 16-Minute Meals, and Other Delicious Ways to Solve Supper!",£56.41,In stock,1,https://books.toscrape.com/catalogue/the-pioneer-woman-cooks-dinnertime-comfort-classics-freezer-food-16-minute-meals-and-other-delicious-ways-to-solve-supper_943/index.html,https://books.toscrape.com/../media/cache/b7/f4/b7f4843dbe062d44be1ffcfa16b2faa4.jpg
The Past Never Ends,£56.50,In stock,4,https://books.toscrape.com/catalogue/the-past-never-ends_942/index.html,https://books.toscrape.com/../media/cache/89/b8/89b850edb01851a91f64ba114b96acb6.jpg
The Natural History of Us (The Fine Art of Pretending #2),£45.22,In stock,3,https://books.toscrape.com/catalogue/the-natural-history-of-us-the-fine-art-of-pretending-2_941/index.html,https://books.toscrape.com/../media/cache/5d/7f/5d7f496cdf5e5962a73ecdcc1505c1d5.jpg
The Nameless City (The Nameless City #1),£38.16,In stock,4,https://books.toscrape.com/catalogue/the-nameless-city-the-nameless-city-1_940/index.html,https://books.toscrape.com/../media/cache/f4/79/f479de5f305c2ac0512702cf7155bb74.jpg
The Murder That Never Was (Forensic Instincts #5),£54.11,In stock,3,https://books.toscrape.com/catalogue/the-murder-that-never-was-forensic-instincts-5_939/index.html,https://books.toscrape.com/../media/cache/dc/44/dc44f8e2aebac48ca8553814d9b021a8.jpg
The Most Perfect Thing: Inside (and Outside) a Bird's Egg,£42.96,In stock,4,https://books.toscrape.com/catalogue/the-most-perfect-thing-inside-and-outside-a-birds-egg_938/index.html,https://books.toscrape.com/../media/cache/d4/8d/d48d5122a15347e9fe2b15ad354d69bf.jpg
"The Mindfulness and Acceptance Workbook for Anxiety: A Guide to Breaking Free from Anxiety, Phobias, and Worry Using Acceptance and Commitment Therapy",£23.89,In stock,4,https://books.toscrape.com/catalogue/the-mindfulness-and-acceptance-workbook-for-anxiety-a-guide-to-breaking-free-from-anxiety-phobias-and-worry-using-acceptance-and-commitment-therapy_937/index.html,https://books.toscrape.com/../media/cache/f8/6d/f86d08178e3788563ac17be5aefd29f0.jpg
The Life-Changing Magic of Tidying Up: The Japanese Art of Decluttering and Organizing,£16.77,In stock,3,https://books.toscrape.com/catalogue/the-life-changing-magic-of-tidying-up-the-japanese-art-of-decluttering-and-organizing_936/index.html,https://books.toscrape.com/../media/cache/95/64/95647d6a526bf54120b9445e124794e1.jpg
"The Inefficiency Assassin: Time Management Tactics for Working Smarter, Not Longer",£20.59,In stock,5,https://books.toscrape.com/catalogue/the-inefficiency-assassin-time-management-tactics-for-working-smarter-not-longer_935/index.html,https://books.toscrape.com/../media/cache/75/dc/75dce2f5949b407161f37f0af249b018.jpg
The Gutsy Girl: Escapades for Your Life of Epic Adventure,£37.13,In stock,1,https://books.toscrape.com/catalogue/the-gutsy-girl-escapades-for-your-life-of-epic-adventure_934/index.html,https://books.toscrape.com/../media/cache/64/15/641570cd7e7aded53c7d33d78a9629f1.jpg
The Electric Pencil: Drawings from Inside State Hospital No. 3,£56.06,In stock,1,https://books.toscrape.com/catalogue/the-electric-pencil-drawings-from-inside-state-hospital-no-3_933/index.html,https://books.toscrape.com/../media/cache/2e/23/2e236e23ad52aa74505f224f6552eda8.jpg
The Death of Humanity: and the Case for Life,£58.11,In stock,4,https://books.toscrape.com/catalogue/the-death-of-humanity-and-the-case-for-life_932/index.html,https://books.toscrape.com/../media/cache/71/df/71df730cf38c232ee58a2e407135f055.jpg
"The Bulletproof Diet: Lose up to a Pound a Day, Reclaim Energy and Focus, Upgrade Your Life",£49.05,In stock,3,https://books.toscrape.com/catalogue/the-bulletproof-diet-lose-up-to-a-pound-a-day-reclaim-energy-and-focus-upgrade-your-life_931/index.html,https://books.toscrape.com/../media/cache/ee/3e/ee3e219d23e73ba71c79b700f183aaed.jpg
The Art Forger,£40.76,In stock,3,https://books.toscrape.com/catalogue/the-art-forger_930/index.html,https://books.toscrape.com/../media/cache/70/fa/70fa6c0437d9c97dbeada6bd32bf9d2c.jpg
The Age of Genius: The Seventeenth Century and the Birth of the Modern Mind,£19.73,In stock,1,https://books.toscrape.com/catalogue/the-age-of-genius-the-seventeenth-century-and-the-birth-of-the-modern-mind_929/index.html,https://books.toscrape.com/../media/cache/2d/4e/2d4e358712e6c9f1d3bdd78d1a16e5a8.jpg
The Activist's Tao Te Ching: Ancient Advice for a Modern Revolution,£32.24,In stock,5,https://books.toscrape.com/catalogue/the-activists-tao-te-ching-ancient-advice-for-a-modern-revolution_928/index.html,https://books.toscrape.com/../media/cache/96/db/96db61bb53930c560fb4c1c62b583816.jpg
Spark Joy: An Illustrated Master Class on the Art of Organizing and Tidying Up,£41.83,In stock,4,https://books.toscrape.com/catalogue/spark-joy-an-illustrated-master-class-on-the-art-of-organizing-and-tidying-up_927/index.html,https://books.toscrape.com/../media/cache/f3/4f/f34ffb24cc21c9f9f52dad4fd8f3ac21.jpg
Soul Reader,£39.58,In stock,2,https://books.toscrape.com/catalogue/soul-reader_926/index.html,https://books.toscrape.com/../media/cache/69/85/69852567cf97264a1442cbc882c84903.jpg
Security,£39.25,In stock,2,https://books.toscrape.com/catalogue/security_925/index.html,https://books.toscrape.com/../media/cache/da/df/dadfac66a89774b46b10225362724c83.jpg
"Saga, Volume 6 (Saga (Collected Editions) #6)",£25.02,In stock,3,https://books.toscrape.com/catalogue/saga-volume-6-saga-collected-editions-6_924/index.html,https://books.toscrape.com/../media/cache/43/ae/43aee83ebb31e2122a7215e413770e5c.jpg
"Saga, Volume 5 (Saga (Collected Editions) #5)",£51.04,In stock,2,https://books.toscrape.com/catalogue/saga-volume-5-saga-collected-editions-5_923/index.html,https://books.toscrape.com/../media/cache/e1/ea/e1ea6cb36e62ae6dc7b805f68ab9a700.jpg
Reskilling America: Learning to Labor in the Twenty-First Century,£19.83,In stock,2,https://books.toscrape.com/catalogue/reskilling-america-learning-to-labor-in-the-twenty-first-century_922/index.html,https://books.toscrape.com/../media/cache/97/f8/97f8debeeaaece9603267653076e760f.jpg
"Rat Queens, Vol. 3: Demons (Rat Queens (Collected Editions) #11-15)",£50.40,In stock,3,https://books.toscrape.com/catalogue/rat-queens-vol-3-demons-rat-queens-collected-editions-11-15_921/index.html,https://books.toscrape.com/../media/cache/f3/ef/f3efd43ae0fa85d9b325d5e8783e7af5.jpg
"Princess Jellyfish 2-in-1 Omnibus, Vol. 01 (Princess Jellyfish 2-in-1 Omnibus #1)",£13.61,In stock,5,https://books.toscrape.com/catalogue/princess-jellyfish-2-in-1-omnibus-vol-01-princess-jellyfish-2-in-1-omnibus-1_920/index.html,https://books.toscrape.com/../media/cache/78/0b/780b2c28122750c2c383846155815bf7.jpg
Princess Between Worlds (Wide-Awake Princess #5),£13.34,In stock,5,https://books.toscrape.com/catalogue/princess-between-worlds-wide-awake-princess-5_919/index.html,https://books.toscrape.com/../media/cache/b7/e8/b7e84b78be3d9bb79b71156a5e5d4e42.jpg
"Pop Gun War, Volume 1: Gift",£18.97,In stock,1,https://books.toscrape.com/catalogue/pop-gun-war-volume-1-gift_918/index.html,https://books.toscrape.com/../media/cache/c8/2f/c82f629a31b3f47bdb17ac14aa51076d.jpg
"Political Suicide: Missteps, Peccadilloes, Bad Calls, Backroom Hijinx, Sordid Pasts, Rotten Breaks, and Just Plain Dumb Mistakes in the Annals of American Politics",£36.28,In stock,2,https://books.toscrape.com/catalogue/political-suicide-missteps-peccadilloes-bad-calls-backroom-hijinx-sordid-pasts-rotten-breaks-and-just-plain-dumb-mistakes-in-the-annals-of-american-politics_917/index.html,https://books.toscrape.com/../media/cache/64/44/6444dacdcb9edaadbbd691524622aeb8.jpg
Patience,£10.16,In stock,3,https://books.toscrape.com/catalogue/patience_916/index.html,https://books.toscrape.com/../media/cache/01/72/01726c619a05114dca75bd840095016d.jpg
"Outcast, Vol. 1: A Darkness Surrounds Him (Outcast #1)",£15.44,In stock,4,https://books.toscrape.com/catalogue/outcast-vol-1-a-darkness-surrounds-him-outcast-1_915/index.html,https://books.toscrape.com/../media/cache/cb/00/cb004189f548d75ad430d3ed19e6daa9.jpg
orange: The Complete Collection 1 (orange: The Complete Collection #1),£48.41,In stock,1,https://books.toscrape.com/catalogue/orange-the-complete-collection-1-orange-the-complete-collection-1_914/index.html,https://books.toscrape.com/../media/cache/03/88/03886a8502ca54dbce0d91c2568ab69d.jpg
Online Marketing for Busy Authors: A Step-By-Step Guide,£46.35,In stock,1,https://books.toscrape.com/catalogue/online-marketing-for-busy-authors-a-step-by-step-guide_913/index.html,https://books.toscrape.com/../media/cache/ea/9b/ea9b2cb8abbb317402e618445bade1e1.jpg
On a Midnight Clear,£14.07,In stock,3,https://books.toscrape.com/catalogue/on-a-midnight-clear_912/index.html,https://books.toscrape.com/../media/cache/a1/14/a114d70e7babf110ba42a389078e9a45.jpg
Obsidian (Lux #1),£14.86,In stock,2,https://books.toscrape.com/catalogue/obsidian-lux-1_911/index.html,https://books.toscrape.com/../media/cache/fc/72/fc72f158554b4b4164701e1dfa1153c7.jpg
My Paris Kitchen: Recipes and Stories,£33.37,In stock,2,https://books.toscrape.com/catalogue/my-paris-kitchen-recipes-and-stories_910/index.html,https://books.toscrape.com/../media/cache/f5/65/f565af3d9dd20a1ad72a1e7c4157387d.jpg
Masks and Shadows,£56.40,In stock,2,https://books.toscrape.com/catalogue/masks-and-shadows_909/index.html,https://books.toscrape.com/../media/cache/ff/e8/ffe81bf98f8386ef29e193abfb6f9c1e.jpg
"Mama Tried: Traditional Italian Cooking for the Screwed, Crude, Vegan, and Tattooed",£14.02,In stock,4,https://books.toscrape.com/catalogue/mama-tried-traditional-italian-cooking-for-the-screwed-crude-vegan-and-tattooed_908/index.html,https://books.toscrape.com/../media/cache/10/c6/10c61093002db1fec4089d8076678624.jpg
"Lumberjanes, Vol. 2: Friendship to the Max (Lumberjanes #5-8)",£46.91,In stock,2,https://books.toscrape.com/catalogue/lumberjanes-vol-2-friendship-to-the-max-lumberjanes-5-8_907/index.html,https://books.toscrape.com/../media/cache/d3/15/d3158e8d3546fb90cced3c1d44a92a34.jpg
"Lumberjanes, Vol. 1: Beware the Kitten Holy (Lumberjanes #1-4)",£45.61,In stock,3,https://books.toscrape.com/catalogue/lumberjanes-vol-1-beware-the-kitten-holy-lumberjanes-1-4_906/index.html,https://books.toscrape.com/../media/cache/7e/a0/7ea062007ef00107e3c16d336b41fab2.jpg
Lumberjanes Vol. 3: A Terrible Plan (Lumberjanes #9-12),£19.92,In stock,2,https://books.toscrape.com/catalogue/lumberjanes-vol-3-a-terrible-plan-lumberjanes-9-12_905/index.html,https://books.toscrape.com/../media/cache/5f/b1/5fb1bf88dcfda795606745ce35be5975.jpg
"Layered: Baking, Building, and Styling Spectacular Cakes",£40.11,In stock,1,https://books.toscrape.com/catalogue/layered-baking-building-and-styling-spectacular-cakes_904/index.html,https://books.toscrape.com/../media/cache/98/d1/98d1c979c4bac9e147a6718946578b0f.jpg
Judo: Seven Steps to Black Belt (an Introductory Guide for Beginners),£53.90,In stock,2,https://books.toscrape.com/catalogue/judo-seven-steps-to-black-belt-an-introductory-guide-for-beginners_903/index.html,https://books.toscrape.com/../media/cache/5f/52/5f52b1bc6d45daab2e330c744feb0359.jpg
Join,£35.67,In stock,5,https://books.toscrape.com/catalogue/join_902/index.html,https://books.toscrape.com/../media/cache/93/63/9363f0065fbad5689f44fcf6e203eef3.jpg
In the Country We Love: My Family Divided,£22.00,In stock,4,https://books.toscrape.com/catalogue/in-the-country-we-love-my-family-divided_901/index.html,https://books.toscrape.com/../media/cache/fe/ea/feeafd2ad7b3077f8e74cbb1da9e3c7d.jpg
Immunity: How Elie Metchnikoff Changed the Course of Modern Medicine,£57.36,In stock,5,https://books.toscrape.com/catalogue/immunity-how-elie-metchnikoff-changed-the-course-of-modern-medicine_900/index.html,https://books.toscrape.com/../media/cache/26/1c/261c4eaf957ae4aacf2229b482e76dbe.jpg
"I Hate Fairyland, Vol. 1: Madly Ever After (I Hate Fairyland (Compilations) #1-5)",£29.17,In stock,2,https://books.toscrape.com/catalogue/i-hate-fairyland-vol-1-madly-ever-after-i-hate-fairyland-compilations-1-5_899/index.html,https://books.toscrape.com/../media/cache/aa/74/aa74004807e97a79aa084b5db329a99b.jpg
I am a Hero Omnibus Volume 1,£54.63,In stock,3,https://books.toscrape.com/catalogue/i-am-a-hero-omnibus-volume-1_898/index.html,https://books.toscrape.com/../media/cache/16/d4/16d443437126bf6d536a89312c1995a5.jpg
How to Be Miserable: 40 Strategies You Already Use,£46.03,In stock,1,https://books.toscrape.com/catalogue/how-to-be-miserable-40-strategies-you-already-use_897/index.html,https://books.toscrape.com/../media/cache/da/8b/da8bc9b824dd3f446ef63e438ddbfc85.jpg
Her Backup Boyfriend (The Sorensen Family #1),£33.97,In stock,1,https://books.toscrape.com/catalogue/her-backup-boyfriend-the-sorensen-family-1_896/index.html,https://books.toscrape.com/../media/cache/1e/bb/1ebbbc3e2d3249b111033cfc40763b0b.jpg
"Giant Days, Vol. 2 (Giant Days #5-8)",£22.11,In stock,2,https://books.toscrape.com/catalogue/giant-days-vol-2-giant-days-5-8_895/index.html,https://books.toscrape.com/../media/cache/90/6f/906f0168b0e155a7077625499b1737b5.jpg
Forever and Forever: The Courtship of Henry Longfellow and Fanny Appleton,£29.69,In stock,3,https://books.toscrape.com/catalogue/forever-and-forever-the-courtship-of-henry-longfellow-and-fanny-appleton_894/index.html,https://books.toscrape.com/../media/cache/d6/58/d658a1485b130ff26ca5fb0d5975ed2e.jpg
First and First (Five Boroughs #3),£15.97,In stock,4,https://books.toscrape.com/catalogue/first-and-first-five-boroughs-3_893/index.html,https://books.toscrape.com/../media/cache/c4/d1/c4d1517cc9370e292366b6132ca9ca36.jpg
Fifty Shades Darker (Fifty Shades #2),£21.96,In stock,1,https://books.toscrape.com/catalogue/fifty-shades-darker-fifty-shades-2_892/index.html,https://books.toscrape.com/../media/cache/cc/bd/ccbdae9e29b3594301528fa2c876ec29.jpg
Everydata: The Misinformation Hidden in the Little Data You Consume Every Day,£54.35,In stock,2,https://books.toscrape.com/catalogue/everydata-the-misinformation-hidden-in-the-little-data-you-consume-every-day_891/index.html,https://books.toscrape.com/../media/cache/64/94/6494bf61176ca73b61255909230030be.jpg
"Don't Be a Jerk: And Other Practical Advice from Dogen, Japan's Greatest Zen Master",£37.97,In stock,2,https://books.toscrape.com/catalogue/dont-be-a-jerk-and-other-practical-advice-from-dogen-japans-greatest-zen-master_890/index.html,https://books.toscrape.com/../media/cache/95/30/953013d044aa313cc162dec414f3969a.jpg
Danganronpa Volume 1,£51.99,In stock,4,https://books.toscrape.com/catalogue/danganronpa-volume-1_889/index.html,https://books.toscrape.com/../media/cache/78/97/7897eea91c4a85aca58d925861d4afec.jpg
Crown of Midnight (Throne of Glass #2),£43.29,In stock,3,https://books.toscrape.com/catalogue/crown-of-midnight-throne-of-glass-2_888/index.html,https://books.toscrape.com/../media/cache/66/25/6625e3bbb050de3e42a0c302c0d69f1f.jpg
"Codename Baboushka, Volume 1: The Conclave of Death",£36.72,In stock,4,https://books.toscrape.com/catalogue/codename-baboushka-volume-1-the-conclave-of-death_887/index.html,https://books.toscrape.com/../media/cache/f6/88/f688a9d6a89fdf38e4e88439ee9eda69.jpg
Camp Midnight,£17.08,In stock,4,https://books.toscrape.com/catalogue/camp-midnight_886/index.html,https://books.toscrape.com/../media/cache/dd/c9/ddc95df6754df8e71bf969c088056188.jpg
Call the Nurse: True Stories of a Country Nurse on a Scottish Isle,£29.14,In stock,5,https://books.toscrape.com/catalogue/call-the-nurse-true-stories-of-a-country-nurse-on-a-scottish-isle_885/index.html,https://books.toscrape.com/../media/cache/88/9e/889e0bac4c7c0e7178f0165b8d3b4617.jpg
Burning,£28.81,In stock,3,https://books.toscrape.com/catalogue/burning_884/index.html,https://books.toscrape.com/../media/cache/26/95/269507c7bb35d2cec9b61a03d1c28e67.jpg
Bossypants,£49.46,In stock,2,https://books.toscrape.com/catalogue/bossypants_883/index.html,https://books.toscrape.com/../media/cache/27/d2/27d20361745ec2f7be668b18a4da29da.jpg
"Bitch Planet, Vol. 1: Extraordinary Machine (Bitch Planet (Collected Editions))",£37.92,In stock,2,https://books.toscrape.com/catalogue/bitch-planet-vol-1-extraordinary-machine-bitch-planet-collected-editions_882/index.html,https://books.toscrape.com/../media/cache/e4/1d/e41d34204a1fffbf825d8beb3dbf4cbc.jpg
"Avatar: The Last Airbender: Smoke and Shadow, Part 3 (Smoke and Shadow #3)",£28.09,In stock,2,https://books.toscrape.com/catalogue/avatar-the-last-airbender-smoke-and-shadow-part-3-smoke-and-shadow-3_881/index.html,https://books.toscrape.com/../media/cache/06/18/061811c5845d0e13bc04b2a755f0830f.jpg
Algorithms to Live By: The Computer Science of Human Decisions,£30.81,In stock,1,https://books.toscrape.com/catalogue/algorithms-to-live-by-the-computer-science-of-human-decisions_880/index.html,https://books.toscrape.com/../media/cache/23/b4/23b42e094c02d52b14b11a960d49610e.jpg
A World of Flavor: Your Gluten Free Passport,£42.95,In stock,1,https://books.toscrape.com/catalogue/a-world-of-flavor-your-gluten-free-passport_879/index.html,https://books.toscrape.com/../media/cache/78/2e/782e315667ec50759b8603527ee33dec.jpg
"A Piece of Sky, a Grain of Rice: A Memoir in Four Meditations",£56.76,In stock,5,https://books.toscrape.com/catalogue/a-piece-of-sky-a-grain-of-rice-a-memoir-in-four-meditations_878/index.html,https://books.toscrape.com/../media/cache/08/89/088995e862aac86c88c608d763f6390e.jpg
A Murder in Time,£16.64,In stock,1,https://books.toscrape.com/catalogue/a-murder-in-time_877/index.html,https://books.toscrape.com/../media/cache/11/aa/11aaad48b5f15e262456ca65294084da.jpg
A Flight of Arrows (The Pathfinders #2),£55.53,In stock,5,https://books.toscrape.com/catalogue/a-flight-of-arrows-the-pathfinders-2_876/index.html,https://books.toscrape.com/../media/cache/82/96/8296f92b70fb1dafefecda92c1d51941.jpg
A Fierce and Subtle Poison,£28.13,In stock,4,https://books.toscrape.com/catalogue/a-fierce-and-subtle-poison_875/index.html,https://books.toscrape.com/../media/cache/12/f1/12f1963957f27fa83d51f76b183ef490.jpg
A Court of Thorns and Roses (A Court of Thorns and Roses #1),£52.37,In stock,1,https://books.toscrape.com/catalogue/a-court-of-thorns-and-roses-a-court-of-thorns-and-roses-1_874/index.html,https://books.toscrape.com/../media/cache/c0/88/c08816960890396213a423941af65b8f.jpg
(Un)Qualified: How God Uses Broken People to Do Big Things,£54.00,In stock,5,https://books.toscrape.com/catalogue/unqualified-how-god-uses-broken-people-to-do-big-things_873/index.html,https://books.toscrape.com/../media/cache/cd/db/cddb3eb483ef11a088d519205b7098fb.jpg
You Are What You Love: The Spiritual Power of Habit,£21.87,In stock,4,https://books.toscrape.com/catalogue/you-are-what-you-love-the-spiritual-power-of-habit_872/index.html,https://books.toscrape.com/../media/cache/6b/70/6b70f2cdb17d9ab7551240a88b9211fe.jpg
"William Shakespeare's Star Wars: Verily, A New Hope (William Shakespeare's Star Wars #4)",£43.30,In stock,4,https://books.toscrape.com/catalogue/william-shakespeares-star-wars-verily-a-new-hope-william-shakespeares-star-wars-4_871/index.html,https://books.toscrape.com/../media/cache/02/37/0237b445efc18c5562355a5a2c40889c.jpg
Tuesday Nights in 1980,£21.04,In stock,2,https://books.toscrape.com/catalogue/tuesday-nights-in-1980_870/index.html,https://books.toscrape.com/../media/cache/6b/da/6bdae061cb92c32b0b83cda8dd10275d.jpg
Tracing Numbers on a Train,£41.60,In stock,3,https://books.toscrape.com/catalogue/tracing-numbers-on-a-train_869/index.html,https://books.toscrape.com/../media/cache/06/a6/06a6cfcf89afd1601cbba1a16cda57fb.jpg
Throne of Glass (Throne of Glass #1),£35.07,In stock,3,https://books.toscrape.com/catalogue/throne-of-glass-throne-of-glass-1_868/index.html,https://books.toscrape.com/../media/cache/32/d6/32d6aa560e8ddf2a4da1526b95d4c7ab.jpg
Thomas Jefferson and the Tripoli Pirates: The Forgotten War That Changed American History,£59.64,In stock,1,https://books.toscrape.com/catalogue/thomas-jefferson-and-the-tripoli-pirates-the-forgotten-war-that-changed-american-history_867/index.html,https://books.toscrape.com/../media/cache/97/47/974709d437b08e74649b5744471bf472.jpg
Thirteen Reasons Why,£52.72,In stock,1,https://books.toscrape.com/catalogue/thirteen-reasons-why_866/index.html,https://books.toscrape.com/../media/cache/8a/83/8a83b6ce350f01bab21f85e6ba539316.jpg
The White Cat and the Monk: A Retelling of the Poem “Pangur Bán”,£58.08,In stock,4,https://books.toscrape.com/catalogue/the-white-cat-and-the-monk-a-retelling-of-the-poem-pangur-ban_865/index.html,https://books.toscrape.com/../media/cache/26/32/2632a1e12f2c085fabbe022ae4cd6933.jpg
The Wedding Dress,£24.12,In stock,1,https://books.toscrape.com/catalogue/the-wedding-dress_864/index.html,https://books.toscrape.com/../media/cache/28/99/28992d89f4abf54fba183fc8d074adf3.jpg
The Vacationers,£42.15,In stock,4,https://books.toscrape.com/catalogue/the-vacationers_863/index.html,https://books.toscrape.com/../media/cache/37/25/372578cc073efae80cf284b56040a488.jpg
The Third Wave: An Entrepreneur’s Vision of the Future,£12.61,In stock,5,https://books.toscrape.com/catalogue/the-third-wave-an-entrepreneurs-vision-of-the-future_862/index.html,https://books.toscrape.com/../media/cache/d0/77/d077a30042df6b916bfc8d257345c69e.jpg
The Stranger,£17.44,In stock,4,https://books.toscrape.com/catalogue/the-stranger_861/index.html,https://books.toscrape.com/../media/cache/ea/04/ea0476a6f4c318ceccf5e2f2b39f2b15.jpg
The Shadow Hero (The Shadow Hero),£33.14,In stock,1,https://books.toscrape.com/catalogue/the-shadow-hero-the-shadow-hero_860/index.html,https://books.toscrape.com/../media/cache/1f/62/1f621dda1b302fc16d83d94b0b5ac31c.jpg
The Secret (The Secret #1),£27.37,In stock,4,https://books.toscrape.com/catalogue/the-secret-the-secret-1_859/index.html,https://books.toscrape.com/../media/cache/4e/0f/4e0f05ae01d8fb6bd0d3901edd06de16.jpg
The Regional Office Is Under Attack!,£51.36,In stock,5,https://books.toscrape.com/catalogue/the-regional-office-is-under-attack_858/index.html,https://books.toscrape.com/../media/cache/f8/31/f8314c7fdaa79fb7191a583e9a852db8.jpg
The Psychopath Test: A Journey Through the Madness Industry,£36.00,In stock,2,https://books.toscrape.com/catalogue/the-psychopath-test-a-journey-through-the-madness-industry_857/index.html,https://books.toscrape.com/../media/cache/34/f5/34f5f8e513c5f048241f5695e61b2483.jpg
The Project,£10.65,In stock,1,https://books.toscrape.com/catalogue/the-project_856/index.html,https://books.toscrape.com/../media/cache/10/6e/106e2fc7160712edf8e2ff996dc8cd6c.jpg
The Power of Now: A Guide to Spiritual Enlightenment,£43.54,In stock,2,https://books.toscrape.com/catalogue/the-power-of-now-a-guide-to-spiritual-enlightenment_855/index.html,https://books.toscrape.com/../media/cache/03/38/0338682e76bad3216cd4c6c28b2b625a.jpg
The Omnivore's Dilemma: A Natural History of Four Meals,£38.21,In stock,2,https://books.toscrape.com/catalogue/the-omnivores-dilemma-a-natural-history-of-four-meals_854/index.html,https://books.toscrape.com/../media/cache/14/f3/14f3d525e2a114cd71e27201a16af188.jpg
The Nerdy Nummies Cookbook: Sweet Treats for the Geek in All of Us,£37.34,In stock,5,https://books.toscrape.com/catalogue/the-nerdy-nummies-cookbook-sweet-treats-for-the-geek-in-all-of-us_853/index.html,https://books.toscrape.com/../media/cache/61/bd/61bdfe3950643c47d70c37c4123530f3.jpg
The Murder of Roger Ackroyd (Hercule Poirot #4),£44.10,In stock,4,https://books.toscrape.com/catalogue/the-murder-of-roger-ackroyd-hercule-poirot-4_852/index.html,https://books.toscrape.com/../media/cache/29/fe/29fe70b1b2e5a9ba61d4bd331255e19e.jpg
The Mistake (Off-Campus #2),£43.29,In stock,3,https://books.toscrape.com/catalogue/the-mistake-off-campus-2_851/index.html,https://books.toscrape.com/../media/cache/a5/43/a543b100a8c1861c1bf5374ca6b576fe.jpg
The Matchmaker's Playbook (Wingmen Inc. #1),£55.85,In stock,1,https://books.toscrape.com/catalogue/the-matchmakers-playbook-wingmen-inc-1_850/index.html,https://books.toscrape.com/../media/cache/84/ac/84acb0606c96e55dc729a9d6572a08fb.jpg
The Love and Lemons Cookbook: An Apple-to-Zucchini Celebration of Impromptu Cooking,£37.60,In stock,2,https://books.toscrape.com/catalogue/the-love-and-lemons-cookbook-an-apple-to-zucchini-celebration-of-impromptu-cooking_849/index.html,https://books.toscrape.com/../media/cache/0d/1f/0d1f3f934460f5a50aaa8c366641234c.jpg
The Long Shadow of Small Ghosts: Murder and Memory in an American City,£10.97,In stock,1,https://books.toscrape.com/catalogue/the-long-shadow-of-small-ghosts-murder-and-memory-in-an-american-city_848/index.html,https://books.toscrape.com/../media/cache/f2/e5/f2e51dd2b26600459f8eaeb6b9eecaa7.jpg
The Kite Runner,£41.82,In stock,4,https://books.toscrape.com/catalogue/the-kite-runner_847/index.html,https://books.toscrape.com/../media/cache/58/9d/589d73503d9a23d224de836134fae553.jpg
The House by the Lake,£36.95,In stock,1,https://books.toscrape.com/catalogue/the-house-by-the-lake_846/index.html,https://books.toscrape.com/../media/cache/0d/cb/0dcb33d60b0e79adf8ab9842e697ea2e.jpg
The Glittering Court (The Glittering Court #1),£44.28,In stock,1,https://books.toscrape.com/catalogue/the-glittering-court-the-glittering-court-1_845/index.html,https://books.toscrape.com/../media/cache/3e/0b/3e0b16851bec08b6cbf78d5f64af9114.jpg
The Girl on the Train,£55.02,In stock,2,https://books.toscrape.com/catalogue/the-girl-on-the-train_844/index.html,https://books.toscrape.com/../media/cache/25/6c/256c946dd0962095f66c6de3b15ab300.jpg
The Genius of Birds,£17.24,In stock,1,https://books.toscrape.com/catalogue/the-genius-of-birds_843/index.html,https://books.toscrape.com/../media/cache/13/57/1357c6aa40c9e63d2f931927fbf81f3f.jpg
The Emerald Mystery,£23.15,In stock,2,https://books.toscrape.com/catalogue/the-emerald-mystery_842/index.html,https://books.toscrape.com/../media/cache/81/58/81586cd0bf8743e1f5ed80b6a0e1fabe.jpg
The Cookies & Cups Cookbook: 125+ sweet & savory recipes reminding you to Always Eat Dessert First,£41.25,In stock,1,https://books.toscrape.com/catalogue/the-cookies-cups-cookbook-125-sweet-savory-recipes-reminding-you-to-always-eat-dessert-first_841/index.html,https://books.toscrape.com/../media/cache/54/89/54899b4584e941ceced511d81092c88a.jpg
The Bridge to Consciousness: I'm Writing the Bridge Between Science and Our Old and New Beliefs.,£32.00,In stock,3,https://books.toscrape.com/catalogue/the-bridge-to-consciousness-im-writing-the-bridge-between-science-and-our-old-and-new-beliefs_840/index.html,https://books.toscrape.com/../media/cache/fe/b7/feb764b2afa54991cfdbbffdf501b333.jpg
The Artist's Way: A Spiritual Path to Higher Creativity,£38.49,In stock,5,https://books.toscrape.com/catalogue/the-artists-way-a-spiritual-path-to-higher-creativity_839/index.html,https://books.toscrape.com/../media/cache/0e/6d/0e6dc2484322c5b9e7854ced66fdf62d.jpg
The Art of War,£33.34,In stock,5,https://books.toscrape.com/catalogue/the-art-of-war_838/index.html,https://books.toscrape.com/../media/cache/6d/71/6d71e36c8b1b9c885e1bb6c72cd8bcf8.jpg
The Argonauts,£10.93,In stock,2,https://books.toscrape.com/catalogue/the-argonauts_837/index.html,https://books.toscrape.com/../media/cache/0a/15/0a1567cd04a6582d333db71337b4e2a6.jpg
The 10% Entrepreneur: Live Your Startup Dream Without Quitting Your Day Job,£27.55,In stock,3,https://books.toscrape.com/catalogue/the-10-entrepreneur-live-your-startup-dream-without-quitting-your-day-job_836/index.html,https://books.toscrape.com/../media/cache/82/93/82939ca78da0b724f16ec814849514fd.jpg
Suddenly in Love (Lake Haven #1),£55.99,In stock,2,https://books.toscrape.com/catalogue/suddenly-in-love-lake-haven-1_835/index.html,https://books.toscrape.com/../media/cache/e9/f4/e9f4bc8cf5ffaea1504623c936e90a48.jpg
Something More Than This,£16.24,In stock,4,https://books.toscrape.com/catalogue/something-more-than-this_834/index.html,https://books.toscrape.com/../media/cache/59/10/5910fbd8a95e8e9de9c660b71e0694e2.jpg
Soft Apocalypse,£26.12,In stock,2,https://books.toscrape.com/catalogue/soft-apocalypse_833/index.html,https://books.toscrape.com/../media/cache/f0/06/f0060c756556b855184fa32f66280961.jpg
So You've Been Publicly Shamed,£12.23,In stock,2,https://books.toscrape.com/catalogue/so-youve-been-publicly-shamed_832/index.html,https://books.toscrape.com/../media/cache/6e/d4/6ed4991d97f60db29ec7b421e61a2cf3.jpg
Shoe Dog: A Memoir by the Creator of NIKE,£23.99,In stock,2,https://books.toscrape.com/catalogue/shoe-dog-a-memoir-by-the-creator-of-nike_831/index.html,https://books.toscrape.com/../media/cache/19/aa/19aa1184a3565b1dae6092146018e109.jpg
"Shobu Samurai, Project Aryoku (#3)",£29.06,In stock,3,https://books.toscrape.com/catalogue/shobu-samurai-project-aryoku-3_830/index.html,https://books.toscrape.com/../media/cache/ae/0c/ae0ccc307568b6d7699786411f3cbcc4.jpg
Secrets and Lace (Fatal Hearts #1),£20.27,In stock,1,https://books.toscrape.com/catalogue/secrets-and-lace-fatal-hearts-1_829/index.html,https://books.toscrape.com/../media/cache/84/7c/847c06b541e2a3b2228b96d97a5fe7a6.jpg
Scarlett Epstein Hates It Here,£43.55,In stock,5,https://books.toscrape.com/catalogue/scarlett-epstein-hates-it-here_828/index.html,https://books.toscrape.com/../media/cache/0f/d3/0fd306891f8fd3196653022fd67d6c87.jpg
Romero and Juliet: A Tragic Tale of Love and Zombies,£36.94,In stock,1,https://books.toscrape.com/catalogue/romero-and-juliet-a-tragic-tale-of-love-and-zombies_827/index.html,https://books.toscrape.com/../media/cache/12/f8/12f8002e5aab6d783e29b31aad36b5ba.jpg
Redeeming Love,£20.47,In stock,5,https://books.toscrape.com/catalogue/redeeming-love_826/index.html,https://books.toscrape.com/../media/cache/21/21/2121ba78e26194d92c334fde3850f840.jpg
Poses for Artists Volume 1 - Dynamic and Sitting Poses: An Essential Reference for Figure Drawing and the Human Form,£41.06,In stock,1,https://books.toscrape.com/catalogue/poses-for-artists-volume-1-dynamic-and-sitting-poses-an-essential-reference-for-figure-drawing-and-the-human-form_825/index.html,https://books.toscrape.com/../media/cache/5a/89/5a89e2dd7866dda6660fe508bc4b5249.jpg
Poems That Make Grown Women Cry,£14.19,In stock,4,https://books.toscrape.com/catalogue/poems-that-make-grown-women-cry_824/index.html,https://books.toscrape.com/../media/cache/38/64/386468a8c3e6b880664bf7885bf6f726.jpg
"Nightingale, Sing",£38.28,In stock,1,https://books.toscrape.com/catalogue/nightingale-sing_823/index.html,https://books.toscrape.com/../media/cache/18/08/18086e581ad354aa65f945c2b5c51350.jpg
Night Sky with Exit Wounds,£41.05,In stock,1,https://books.toscrape.com/catalogue/night-sky-with-exit-wounds_822/index.html,https://books.toscrape.com/../media/cache/25/54/2554431c797ec725eea50b3f8a83758c.jpg
Mrs. Houdini,£30.25,In stock,5,https://books.toscrape.com/catalogue/mrs-houdini_821/index.html,https://books.toscrape.com/../media/cache/0e/fe/0efe86960cdff718aed01a5c3f65b1c3.jpg
Modern Romance,£28.26,In stock,5,https://books.toscrape.com/catalogue/modern-romance_820/index.html,https://books.toscrape.com/../media/cache/28/78/2878538a1039d9c4649110499a1393fb.jpg
Miss Peregrine’s Home for Peculiar Children (Miss Peregrine’s Peculiar Children #1),£10.76,In stock,1,https://books.toscrape.com/catalogue/miss-peregrines-home-for-peculiar-children-miss-peregrines-peculiar-children-1_819/index.html,https://books.toscrape.com/../media/cache/01/26/01264865c12ed6d987d6f0858cd1d0ba.jpg
Louisa: The Extraordinary Life of Mrs. Adams,£16.85,In stock,2,https://books.toscrape.com/catalogue/louisa-the-extraordinary-life-of-mrs-adams_818/index.html,https://books.toscrape.com/../media/cache/6f/d9/6fd92e5143cbd5bb8bcf034e5f007dde.jpg
Little Red,£13.47,In stock,3,https://books.toscrape.com/catalogue/little-red_817/index.html,https://books.toscrape.com/../media/cache/80/25/8025b80a40178f2a6dd4f99ad88e0fba.jpg
Library of Souls (Miss Peregrine’s Peculiar Children #3),£48.56,In stock,5,https://books.toscrape.com/catalogue/library-of-souls-miss-peregrines-peculiar-children-3_816/index.html,https://books.toscrape.com/../media/cache/f8/54/f85417465a73e33604624205ba8306cc.jpg
Large Print Heart of the Pride,£19.15,In stock,2,https://books.toscrape.com/catalogue/large-print-heart-of-the-pride_815/index.html,https://books.toscrape.com/../media/cache/bd/e9/bde95ab9f776c911a7aa759cad60bb41.jpg
I Had a Nice Time And Other Lies...: How to find love & sh*t like that,£57.36,In stock,4,https://books.toscrape.com/catalogue/i-had-a-nice-time-and-other-lies-how-to-find-love-sht-like-that_814/index.html,https://books.toscrape.com/../media/cache/5f/72/5f72c8a0d5a7292e2929a354ec8a022f.jpg
Hollow City (Miss Peregrine’s Peculiar Children #2),£42.98,In stock,1,https://books.toscrape.com/catalogue/hollow-city-miss-peregrines-peculiar-children-2_813/index.html,https://books.toscrape.com/../media/cache/e2/60/e260b008b7ea7970562295b7bc64b0cb.jpg
Grumbles,£22.16,In stock,2,https://books.toscrape.com/catalogue/grumbles_812/index.html,https://books.toscrape.com/../media/cache/d6/1b/d61b12ef0e69d49e2645537dd6a8472a.jpg
Full Moon over Noah’s Ark: An Odyssey to Mount Ararat and Beyond,£49.43,In stock,4,https://books.toscrape.com/catalogue/full-moon-over-noahs-ark-an-odyssey-to-mount-ararat-and-beyond_811/index.html,https://books.toscrape.com/../media/cache/57/77/57770cac1628f4407636635f4b85e88c.jpg
Frostbite (Vampire Academy #2),£29.99,In stock,5,https://books.toscrape.com/catalogue/frostbite-vampire-academy-2_810/index.html,https://books.toscrape.com/../media/cache/71/76/7176317f1915fa0658bb2fe400441207.jpg
Follow You Home,£21.36,In stock,1,https://books.toscrape.com/catalogue/follow-you-home_809/index.html,https://books.toscrape.com/../media/cache/a7/4b/a74b35375ce874153fd352e33bc7bac9.jpg
First Steps for New Christians (Print Edition),£29.00,In stock,1,https://books.toscrape.com/catalogue/first-steps-for-new-christians-print-edition_808/index.html,https://books.toscrape.com/../media/cache/f1/73/f1731459b1e2f4becf2c52b8f30b8cd7.jpg
Finders Keepers (Bill Hodges Trilogy #2),£53.53,In stock,5,https://books.toscrape.com/catalogue/finders-keepers-bill-hodges-trilogy-2_807/index.html,https://books.toscrape.com/../media/cache/6a/81/6a81103b1c01a3f6c56e5718a838a4c8.jpg
"Fables, Vol. 1: Legends in Exile (Fables #1)",£41.62,In stock,4,https://books.toscrape.com/catalogue/fables-vol-1-legends-in-exile-fables-1_806/index.html,https://books.toscrape.com/../media/cache/51/8c/518c184a793b751b43045637c8002eb7.jpg
Eureka Trivia 6.0,£54.59,In stock,4,https://books.toscrape.com/catalogue/eureka-trivia-60_805/index.html,https://books.toscrape.com/../media/cache/96/17/96173470df6fc6fef4d0008e957653ce.jpg
Drive: The Surprising Truth About What Motivates Us,£34.95,In stock,4,https://books.toscrape.com/catalogue/drive-the-surprising-truth-about-what-motivates-us_804/index.html,https://books.toscrape.com/../media/cache/8a/49/8a490347afdc10abe7c2099e466de32f.jpg
Done Rubbed Out (Reightman & Bailey #1),£37.72,In stock,5,https://books.toscrape.com/catalogue/done-rubbed-out-reightman-bailey-1_803/index.html,https://books.toscrape.com/../media/cache/08/4d/084da0199a717cb6c1eda30f98d0ea4c.jpg
Doing It Over (Most Likely To #1),£35.61,In stock,3,https://books.toscrape.com/catalogue/doing-it-over-most-likely-to-1_802/index.html,https://books.toscrape.com/../media/cache/e9/25/e9250495a525eb203652ad9da85ccb8e.jpg
"Deliciously Ella Every Day: Quick and Easy Recipes for Gluten-Free Snacks, Packed Lunches, and Simple Meals",£42.16,In stock,3,https://books.toscrape.com/catalogue/deliciously-ella-every-day-quick-and-easy-recipes-for-gluten-free-snacks-packed-lunches-and-simple-meals_801/index.html,https://books.toscrape.com/../media/cache/20/f2/20f28657b49f8cb24ed2ec6448bb6df3.jpg
